line,grpLin,dateIni,dateEnd,depo,label,nameTo,nameFrom,externalTo,externalFrom
001,110,2018-11-21 00:00:00,2019-02-19 23:59:59,62825,1,PLAZA DE CRISTO REY,PROSPERIDAD,CRISTO REY      ,PROSPERIDAD     
002,110,2018-11-21 00:00:00,2019-02-28 23:59:59,62845,2,PLAZA DE MANUEL BECERRA,AVENIDA REINA VICTORIA,MANUEL BECERRA  ,REINA VICTORIA  
003,110,2018-06-13 00:00:00,2019-02-28 23:59:59,62825,3,PUERTA DE TOLEDO,PLAZA DE SAN AMARO,PUERTA TOLEDO   ,SAN AMARO       
004,110,2018-06-07 00:00:00,2019-02-28 23:59:59,62845,4,PLAZA DE CIUDAD LINEAL,PUERTA DE ARGANDA,CIUDAD LINEAL   ,PUERTA ARGANDA  
004,110,2022-03-23 00:00:00,2022-05-17 23:59:59,62845,4,PLAZA DE CIUDAD LINEAL,PUERTA DE ARGANDA,CIUDAD  LINEAL  ,PUERTA  ARGANDA 
004,110,2022-05-18 00:00:00,2022-05-23 23:59:59,62845,4,PLAZA DE CIUDAD LINEAL,PUERTA DE ARGANDA,CIUDAD LINEAL   ,PUERTA ARGANDA  
004,110,2022-06-06 00:00:00,2022-06-26 23:59:59,62845,4,PLAZA DE CIUDAD LINEAL,PUERTA DE ARGANDA,CIUDAD  LINEAL  ,PUERTA  ARGANDA 
004,110,2022-06-27 00:00:00,2022-07-04 23:59:59,62845,4,PLAZA DE CIUDAD LINEAL,PUERTA DE ARGANDA,CIUDAD LINEAL   ,PUERTA ARGANDA  
004,110,2022-07-05 00:00:00,2024-05-19 23:59:59,62845,4,PLAZA DE CIUDAD LINEAL,PUERTA DE ARGANDA,CIUDAD  LINEAL  ,PUERTA  ARGANDA 
005,110,2018-11-27 00:00:00,2019-01-08 23:59:59,62825,5,PUERTA DEL SOL/SEVILLA,ESTACION DE CHAMARTIN,SOL/SEVILLA     ,CHAMARTIN       
006,110,2018-12-02 00:00:00,2019-02-28 23:59:59,62835,6,PLAZA DE JACINTO BENAVENTE,ORCASITAS,BENAVENTE       ,ORCASITAS       
007,110,2014-10-07 00:00:00,2019-02-28 23:59:59,62875,7,PLAZA DE ALONSO MARTINEZ,MANOTERAS,ALONSO MARTINEZ ,MANOTERAS       
008,110,2018-08-25 00:00:00,2019-02-28 23:59:59,62865,8,PLAZA DE LEGAZPI,VALDEBERNARDO,LEGAZPI         ,VALDEBERNARDO   
009,110,2018-08-04 00:00:00,2019-02-28 23:59:59,62875,9,SEVILLA,HORTALEZA,SEVILLA         ,HORTALEZA       
009,110,2019-11-06 00:00:00,2020-07-10 23:59:59,62875,9,PUERTA DEL SOL/SEVILLA,HORTALEZA,SOL/SEVILLA     ,HORTALEZA       
009,110,2020-07-11 00:00:00,2020-10-21 23:59:59,62875,9,SEVILLA,HORTALEZA,SEVILLA         ,HORTALEZA       
009,110,2020-10-22 00:00:00,2021-11-03 23:59:59,62875,9,PUERTA DEL SOL/SEVILLA,HORTALEZA,SOL/SEVILLA     ,HORTALEZA       
009,110,2021-11-04 00:00:00,2022-01-02 23:59:59,62875,9,SEVILLA,HORTALEZA,SEVILLA         ,HORTALEZA       
009,110,2022-01-03 00:00:00,2022-01-16 23:59:59,62875,9,PUERTA DEL SOL/SEVILLA,HORTALEZA,SOL/SEVILLA     ,HORTALEZA       
010,110,2018-12-21 00:00:00,2019-02-28 23:59:59,62865,10,PLAZA DE CIBELES,PALOMERAS,CIBELES         ,PALOMERAS       
011,110,2016-05-04 00:00:00,2019-02-28 23:59:59,62845,11,MARQUES DE VIANA,BARRIO BLANCO,MARQUES DE VIANA,BARRIO BLANCO   
012,110,2018-09-15 00:00:00,2019-02-28 23:59:59,62845,12,PLAZA DE CRISTO REY,PASEO MARQUES DE ZAFRA,CRISTO REY      ,MARQUES DE ZAFRA
014,110,2017-10-28 00:00:00,2019-02-28 23:59:59,62865,14,PLAZA DE CONDE DE CASAL,AVENIDA DE PIO XII,CONDE DE CASAL  ,PIO XII         
015,110,2018-11-27 00:00:00,2019-01-09 23:59:59,62845,15,PUERTA DEL SOL/SEVILLA,LA ELIPA,SOL/SEVILLA     ,LA ELIPA        
016,110,2018-05-26 00:00:00,2019-02-28 23:59:59,62825,16,MONCLOA,AVENIDA DE PIO XII,MONCLOA         ,PIO XII         
017,110,2017-03-22 00:00:00,2019-02-28 23:59:59,62835,17,PLAZA MAYOR,COLONIA PARQUE DE EUROPA,PLAZA MAYOR     ,PARQUE EUROPA   
018,110,2018-09-28 00:00:00,2019-02-28 23:59:59,62835,18,PLAZA MAYOR,VILLAVERDE CRUCE,PLAZA MAYOR     ,VILLAVERDE CRUCE
019,110,2014-01-13 00:00:00,2019-02-28 23:59:59,62865,19,PLAZA DE CATALUÑA,PLAZA DE LEGAZPI,PLAZA CATALUÑA  ,LEGAZPI         
020,110,2018-11-27 00:00:00,2019-01-09 23:59:59,62845,20,PUERTA DEL SOL/SEVILLA,PAVONES,SOL/SEVILLA     ,PAVONES         
021,110,2018-12-08 00:00:00,2019-02-28 23:59:59,62845,21,PASEO DEL PINTOR ROSALES,BARRIO EL SALVADOR,PINTOR ROSALES  ,EL SALVADOR     
022,110,2017-12-05 00:00:00,2019-02-28 23:59:59,62835,22,PLAZA DE LEGAZPI,VILLAVERDE ALTO,LEGAZPI         ,VILLAVERDE ALTO 
023,110,2018-09-17 00:00:00,2019-02-28 23:59:59,62835,23,PLAZA MAYOR,VILLAVERDE CRUCE,PLAZA MAYOR     ,VILLAVERDE CRUCE
024,110,2018-12-21 00:00:00,2019-02-11 23:59:59,62865,24,ATOCHA RENFE,POZO DEL TIO RAIMUNDO,ATOCHA RENFE    ,EL POZO         
024,110,2021-01-01 00:00:00,2021-04-12 23:59:59,62865,24,ESTACION DE ATOCHA,POZO DEL TIO RAIMUNDO,ESTACION ATOCHA ,EL POZO         
024,110,2024-11-26 00:00:00,2025-03-11 23:59:59,62865,24,ESTACION DE ATOCHA,ESTACION EL POZO,ESTACION ATOCHA ,ESTACION EL POZO
025,110,2018-05-19 00:00:00,2019-01-28 23:59:59,62835,25,OPERA,CASA DE CAMPO,OPERA           ,CASA DE CAMPO   
025,110,2019-08-05 00:00:00,2020-07-21 23:59:59,62835,25,PLAZA DE ESPAÑA,CASA DE CAMPO,PLAZA ESPAÑA    ,CASA DE CAMPO   
026,110,2018-12-02 00:00:00,2019-02-28 23:59:59,62825,26,PLAZA DE TIRSO DE MOLINA,DIEGO DE LEON,TIRSO DE MOLINA ,DIEGO DE LEON   
027,110,2018-11-29 00:00:00,2019-02-28 23:59:59,62825,27,GLORIETA DE EMBAJADORES,PLAZA DE CASTILLA,EMBAJADORES     ,PLAZA CASTILLA  
028,110,2018-11-09 00:00:00,2019-02-28 23:59:59,62845,28,PUERTA DE ALCALA,BARRIO DE CANILLEJAS,PUERTA ALCALA   ,Bº CANILLEJAS   
029,110,2015-06-19 00:00:00,2019-02-28 23:59:59,62875,29,AVENIDA DE FELIPE II,MANOTERAS,FELIPE II       ,MANOTERAS       
030,110,2018-12-15 00:00:00,2019-02-28 23:59:59,62845,30,AVENIDA DE FELIPE II,PAVONES,FELIPE II       ,PAVONES         
031,110,2018-02-03 00:00:00,2019-02-28 23:59:59,62835,31,PLAZA MAYOR,ALUCHE,PLAZA MAYOR     ,ALUCHE          
032,110,2018-12-15 00:00:00,2019-02-20 23:59:59,62845,32,PLAZA DE JACINTO BENAVENTE,PAVONES,BENAVENTE       ,PAVONES         
033,110,2016-10-31 00:00:00,2019-02-28 23:59:59,62835,33,PRINCIPE PIO,CASA DE CAMPO,PRINCIPE PIO    ,CASA DE CAMPO   
034,110,2017-02-02 00:00:00,2019-01-21 23:59:59,62835,34,PLAZA DE CIBELES,LAS AGUILAS,CIBELES         ,LAS AGUILAS     
035,110,2018-08-31 00:00:00,2019-01-21 23:59:59,62835,35,PLAZA MAYOR,CARABANCHEL ALTO,PLAZA MAYOR     ,CARABANCHEL ALTO
036,110,2018-06-09 00:00:00,2019-02-26 23:59:59,62835,36,ATOCHA,CAMPAMENTO,ATOCHA          ,CAMPAMENTO      
037,110,2017-10-28 00:00:00,2019-02-28 23:59:59,62865,37,GLORIETA DE CUATRO CAMINOS,PUENTE DE VALLECAS,CUATRO CAMINOS  ,PUENTE VALLECAS 
038,110,2018-01-31 00:00:00,2019-02-28 23:59:59,62845,38,PLAZA DE MANUEL BECERRA,LAS ROSAS,MANUEL BECERRA  ,LAS ROSAS       
038,110,2023-01-09 00:00:00,2023-01-24 23:59:59,62845,38,PLAZA DE MANUEL BECERRA,LAS ROSAS, MANUEL  BECERRA, LAS  ROSAS     
038,110,2023-04-13 00:00:00,2023-05-03 23:59:59,62845,38,PLAZA DE MANUEL BECERRA,LAS ROSAS,MANUEL BECERRA  ,LAS ROSAS       
039,110,2018-06-16 00:00:00,2019-01-28 23:59:59,62835,39,OPERA,COLONIA SAN IGNACIO DE LOYOLA,OPERA           ,SAN IGNACIO     
039,110,2019-08-05 00:00:00,2020-08-06 23:59:59,62835,39,PLAZA DE ESPAÑA,COLONIA SAN IGNACIO DE LOYOLA,PLAZA ESPAÑA    ,SAN IGNACIO     
040,110,2018-11-29 00:00:00,2019-02-28 23:59:59,62825,40,TRIBUNAL,ALFONSO XIII,TRIBUNAL        ,ALFONSO XIII    
041,110,2017-09-03 00:00:00,2019-02-28 23:59:59,62835,41,ATOCHA,COLONIA MANZANARES,ATOCHA          ,COL. MANZANARES 
042,110,2017-03-13 00:00:00,2019-02-28 23:59:59,62825,42,PLAZA DE CASTILLA,BARRIO DE PEÑAGRANDE,PLAZA CASTILLA  ,Bº PEÑAGRANDE   
043,110,2018-10-24 00:00:00,2019-02-28 23:59:59,62845,43,AVENIDA DE FELIPE II,ESTRECHO,FELIPE II       ,ESTRECHO        
044,110,2018-11-21 00:00:00,2019-02-28 23:59:59,62825,44,PLAZA DEL CALLAO,MARQUES DE VIANA,CALLAO          ,MARQUES DE VIANA
045,110,2017-10-28 00:00:00,2019-02-28 23:59:59,62865,45,PLAZA DE LEGAZPI,AVENIDA REINA VICTORIA,LEGAZPI         ,REINA VICTORIA  
046,110,2018-11-21 00:00:00,2019-01-06 23:59:59,62845,46,SEVILLA,MONCLOA,SEVILLA         ,MONCLOA         
046,110,2019-01-07 00:00:00,2019-02-28 23:59:59,62835,46,SEVILLA,MONCLOA,SEVILLA         ,MONCLOA         
046,110,2022-01-03 00:00:00,2022-06-14 23:59:59,62835,46,PUERTA DEL SOL/SEVILLA,MONCLOA,SOL/SEVILLA     ,MONCLOA         
047,110,2018-09-29 00:00:00,2019-02-28 23:59:59,62835,47,ATOCHA,CARABANCHEL ALTO,ATOCHA          ,CARABANCHEL ALTO
048,110,2018-12-06 00:00:00,2019-02-08 23:59:59,62845,48,PLAZA DE MANUEL BECERRA,BARRIO DE CANILLEJAS,MANUEL BECERRA  ,Bº CANILLEJAS   
049,110,2018-01-31 00:00:00,2019-02-28 23:59:59,62825,49,PLAZA DE CASTILLA,PITIS,PLAZA CASTILLA  ,PITIS           
050,110,2018-12-14 00:00:00,2019-02-28 23:59:59,62835,50,PLAZA MAYOR,AVENIDA DEL MANZANARES,PLAZA MAYOR     ,AVDA. MANZANARES
051,110,2018-07-10 00:00:00,2019-02-28 23:59:59,62825,51,PUERTA DEL SOL,PLAZA DEL PERU,SOL             ,PLAZA PERU      
051,110,2022-01-03 00:00:00,2022-05-23 23:59:59,62825,51,PUERTA DEL SOL/SEVILLA,PLAZA DEL PERU,SOL/SEVILLA     ,PLAZA PERU      
052,110,2018-10-01 00:00:00,2019-02-28 23:59:59,62825,52,PUERTA DEL SOL/SEVILLA,SANTAMARCA,SOL/SEVILLA     ,SANTAMARCA      
052,110,2021-03-23 00:00:00,2021-05-21 23:59:59,62875,52,PUERTA DEL SOL/SEVILLA,SANTAMARCA,SOL/SEVILLA     ,SANTAMARCA      
053,110,2018-11-27 00:00:00,2019-01-09 23:59:59,62875,53,PUERTA DEL SOL/SEVILLA,ARTURO SORIA,SOL/SEVILLA     ,ARTURO SORIA    
054,110,2018-11-27 00:00:00,2019-02-28 23:59:59,62865,54,ATOCHA RENFE,CONGOSTO,ATOCHA RENFE    ,CONGOSTO        
054,110,2021-01-01 00:00:00,2021-08-23 23:59:59,62865,54,ESTACION DE ATOCHA,CONGOSTO,ESTACION ATOCHA ,CONGOSTO        
055,110,2017-05-25 00:00:00,2019-02-28 23:59:59,62835,55,ATOCHA,BATAN,ATOCHA          ,BATAN           
056,110,2018-11-27 00:00:00,2019-02-28 23:59:59,62865,56,DIEGO DE LEON,PUENTE DE VALLECAS,DIEGO DE LEON   ,PUENTE VALLECAS 
057,110,2017-05-21 00:00:00,2019-02-28 23:59:59,62865,57,ATOCHA RENFE,ALTO DEL ARENAL,ATOCHA RENFE    ,ALTO DEL ARENAL 
057,110,2021-01-01 00:00:00,2021-10-03 23:59:59,62865,57,ESTACION DE ATOCHA,ALTO DEL ARENAL,ESTACION ATOCHA ,ALTO DEL ARENAL 
058,110,2017-04-04 00:00:00,2019-02-28 23:59:59,62865,58,PUENTE VALLECAS,BARRIO DE SANTA EUGENIA,PUENTE VALLECAS ,SANTA EUGENIA   
059,110,2017-07-26 00:00:00,2019-02-28 23:59:59,62865,59,ATOCHA RENFE,COLONIA SAN CRISTOBAL DE LOS ANGELES,ATOCHA RENFE    ,SAN CRISTOBAL   
059,110,2021-01-01 00:00:00,2021-07-23 23:59:59,62865,59,ESTACION DE ATOCHA,COLONIA SAN CRISTOBAL DE LOS ANGELES,ESTACION ATOCHA ,SAN CRISTOBAL   
060,110,2018-08-17 00:00:00,2019-02-28 23:59:59,62835,60,PLAZA DE LA CEBADA,ORCASITAS,PLAZA CEBADA    ,ORCASITAS       
061,110,2018-11-27 00:00:00,2019-02-28 23:59:59,62845,61,MONCLOA,NARVAEZ,MONCLOA         ,NARVAEZ         
062,110,2018-06-09 00:00:00,2019-02-24 23:59:59,62865,62,PRINCIPE PIO,LOS PUERTOS,PRINCIPE PIO    ,LOS PUERTOS     
062,110,2019-02-25 00:00:00,2019-02-28 23:59:59,62865,62,PLAZA DE CRISTO REY,LOS PUERTOS,CRISTO REY      ,LOS PUERTOS     
063,110,2014-01-13 00:00:00,2019-02-28 23:59:59,62865,63,AVENIDA DE FELIPE II,BARRIO DE SANTA EUGENIA,FELIPE II       ,SANTA EUGENIA   
064,110,2018-06-28 00:00:00,2019-02-28 23:59:59,62825,64,GLORIETA DE CUATRO CAMINOS,PITIS,CUATRO CAMINOS  ,PITIS           
065,110,2015-08-21 00:00:00,2019-02-28 23:59:59,62835,65,PLAZA DE JACINTO BENAVENTE,COLONIA GRAN CAPITAN,BENAVENTE       ,GRAN CAPITAN    
066,110,2018-06-13 00:00:00,2019-02-28 23:59:59,62875,66,GLORIETA DE CUATRO CAMINOS,FUENCARRAL,CUATRO CAMINOS  ,FUENCARRAL      
067,110,2014-01-13 00:00:00,2019-02-28 23:59:59,62825,67,PLAZA DE CASTILLA,BARRIO DE PEÑAGRANDE,PLAZA CASTILLA  ,Bº PEÑAGRANDE   
068,110,2017-05-21 00:00:00,2019-01-28 23:59:59,62825,C1,CIRCULAR 1, ,CIRCULAR 1      ,CIRCULAR 1      
068,110,2020-07-18 00:00:00,2020-08-06 23:59:59,62825,C1,CIRCULAR 1,CIRCULAR 1,CIRCULAR 1      ,CIRCULAR 1      
068,110,2020-08-07 00:00:00,2020-10-21 23:59:59,62825,C1,CIRCULAR 1,,CIRCULAR 1      ,CIRCULAR 1      
069,110,2018-09-15 00:00:00,2019-02-28 23:59:59,62825,C2,CIRCULAR 2, ,CIRCULAR 2      ,CIRCULAR 2      
070,110,2014-01-13 00:00:00,2019-02-28 23:59:59,62825,70,PLAZA DE CASTILLA,ALSACIA,PLAZA CASTILLA  ,ALSACIA         
071,110,2018-12-01 00:00:00,2019-02-28 23:59:59,62865,71,PLAZA DE MANUEL BECERRA,PUERTA DE ARGANDA,MANUEL BECERRA  ,PUERTA ARGANDA  
072,110,2018-06-08 00:00:00,2019-02-28 23:59:59,62875,72,DIEGO DE LEON,HORTALEZA,DIEGO DE LEON   ,HORTALEZA       
073,110,2018-10-24 00:00:00,2019-02-24 23:59:59,62875,73,DIEGO DE LEON,CANILLAS,DIEGO DE LEON   ,CANILLAS        
073,110,2019-02-25 00:00:00,2019-02-28 23:59:59,62875,73,DIEGO DE LEON,FERIA DE MADRID,DIEGO DE LEON   ,FERIA DE MADRID 
074,110,2018-11-21 00:00:00,2019-02-19 23:59:59,62845,74,PASEO DEL PINTOR ROSALES,PARQUE DE LAS AVENIDAS,PINTOR ROSALES  ,PARQUE AVENIDAS 
075,110,2018-11-21 00:00:00,2019-02-28 23:59:59,62835,75,PLAZA DEL CALLAO,COLONIA MANZANARES,CALLAO          ,COL. MANZANARES 
076,110,2018-01-22 00:00:00,2019-02-28 23:59:59,62835,76,PLAZA BEATA MARIA ANA DE JESUS,VILLAVERDE ALTO,PLAZA BEATA     ,VILLAVERDE ALTO 
077,110,2014-01-13 00:00:00,2019-02-28 23:59:59,62845,77,PLAZA DE CIUDAD LINEAL,COLONIA FIN DE SEMANA,CIUDAD LINEAL   ,FIN DE SEMANA   
077,110,2021-03-08 00:00:00,2024-04-07 23:59:59,62875,77,PLAZA DE CIUDAD LINEAL,COLONIA FIN DE SEMANA,CIUDAD LINEAL   ,FIN DE SEMANA   
078,110,2017-02-25 00:00:00,2019-02-28 23:59:59,62865,78,GLORIETA DE EMBAJADORES,BARRIO DE SAN FERMIN,EMBAJADORES     ,SAN FERMIN      
079,110,2017-12-05 00:00:00,2019-02-28 23:59:59,62835,79,PLAZA DE LEGAZPI,VILLAVERDE ALTO,LEGAZPI         ,VILLAVERDE ALTO 
081,110,2018-09-29 00:00:00,2019-02-28 23:59:59,62835,81,OPORTO,HOSPITAL 12 DE OCTUBRE,OPORTO          ,H. 12 OCTUBRE   
082,110,2018-12-15 00:00:00,2019-02-28 23:59:59,62825,82,MONCLOA,PITIS,MONCLOA         ,PITIS           
083,110,2018-12-01 00:00:00,2019-02-28 23:59:59,62875,83,MONCLOA,BARRIO DEL PILAR,MONCLOA         ,BARRIO DEL PILAR
083,110,2023-05-05 00:00:00,2023-10-04 23:59:59,62875,83,MONCLOA,BARRIO DE LA PAZ,MONCLOA         ,BARRIO DE LA PAZ
085,110,2018-06-21 00:00:00,2019-02-28 23:59:59,62865,85,ATOCHA RENFE,BUTARQUE,ATOCHA RENFE    ,BUTARQUE        
085,110,2021-01-01 00:00:00,2021-08-08 23:59:59,62865,85,ESTACION DE ATOCHA,BUTARQUE,ESTACION ATOCHA ,BUTARQUE        
086,110,2018-09-28 00:00:00,2019-02-28 23:59:59,62835,86,ATOCHA RENFE,VILLAVERDE ALTO,ATOCHA RENFE    ,VILLAVERDE ALTO 
086,110,2021-01-01 00:00:00,2021-01-10 23:59:59,62835,86,ESTACION DE ATOCHA,VILLAVERDE ALTO,ESTACION ATOCHA ,VILLAVERDE ALTO 
087,110,2018-10-01 00:00:00,2019-02-28 23:59:59,62875,87,PLAZA DE LA REPUBLICA DOMINICANA,LAS CARCAVAS,REP. DOMINICANA ,LAS CARCAVAS    
088,110,2024-01-15 00:00:00,2025-07-21 23:59:59,62875,88,CANILLEJAS,REJAS,CANILLEJAS      ,REJAS           
090,210,2017-12-23 00:00:00,2019-02-28 23:59:59,62865,E,PLAZA DEL CONDE DE CASAL,SIERRA DE GUADALUPE,CONDE DE CASAL  ,SIERRA GUADALUPE
091,210,2014-01-13 00:00:00,2019-02-28 23:59:59,62825,F,GLORIETA DE CUATRO CAMINOS,CIUDAD UNIVERSITARIA,CUATRO CAMINOS  ,C. UNIVERSITARIA
092,210,2014-01-13 00:00:00,2019-02-28 23:59:59,62825,G,MONCLOA,CIUDAD UNIVERSITARIA,MONCLOA         ,C. UNIVERSITARIA
093,210,2018-02-28 00:00:00,2019-02-28 23:59:59,62825,A,MONCLOA,CAMPUS SOMOSAGUAS,MONCLOA         ,SOMOSAGUAS      
096,210,2018-02-28 00:00:00,2019-02-28 23:59:59,62835,H,ALUCHE,CAMPUS DE SOMOSAGUAS,ALUCHE          ,SOMOSAGUAS      
099,210,2014-01-13 00:00:00,2019-01-07 23:59:59,62845,U,AVENIDA DE SENECA,PARANINFO,SENECA          ,PARANINFO       
099,210,2019-01-08 00:00:00,2019-02-28 23:59:59,62835,U,AVENIDA DE SENECA,PARANINFO,SENECA          ,PARANINFO       
100,110,2018-06-07 00:00:00,2019-02-28 23:59:59,62865,100,MORATALAZ,VALDERRIVAS,MORATALAZ       ,VALDERRIVAS     
101,110,2016-03-19 00:00:00,2019-02-28 23:59:59,62875,101,CANILLEJAS,AEROPUERTO-BARAJAS,CANILLEJAS      ,BARAJAS         
102,110,2018-08-09 00:00:00,2019-02-11 23:59:59,62865,102,ATOCHA RENFE,ESTACION EL POZO,ATOCHA RENFE    ,ESTACION EL POZO
102,110,2021-01-01 00:00:00,2021-07-01 23:59:59,62865,102,ESTACION DE ATOCHA,ESTACION EL POZO,ESTACION ATOCHA ,ESTACION EL POZO
103,110,2018-07-18 00:00:00,2019-02-28 23:59:59,62865,103,ESTACION EL POZO,ECOBULEVAR,ESTACION EL POZO,ECOBULEVAR      
104,110,2018-04-28 00:00:00,2019-02-28 23:59:59,62875,104,PLAZA DE CIUDAD LINEAL,MAR DE CRISTAL,CIUDAD LINEAL   ,MAR DE CRISTAL  
105,110,2018-11-10 00:00:00,2019-02-28 23:59:59,62875,105,PLAZA DE CIUDAD LINEAL,BARAJAS,CIUDAD LINEAL   ,BARAJAS         
106,110,2018-08-25 00:00:00,2019-02-28 23:59:59,62845,106,PLAZA DE MANUEL BECERRA,VICALVARO,MANUEL BECERRA  ,VICALVARO       
107,110,2017-03-13 00:00:00,2019-02-28 23:59:59,62875,107,PLAZA DE CASTILLA,HORTALEZA,PLAZA CASTILLA  ,HORTALEZA       
108,110,2018-12-22 00:00:00,2019-02-28 23:59:59,62835,108,OPORTO,CEMENTERIO DE CARABANCHEL,OPORTO          ,CMTº CARABANCHEL
109,110,2017-09-22 00:00:00,2019-02-28 23:59:59,62845,109,PLAZA DE CIUDAD LINEAL,CASTILLO DE UCLES,CIUDAD LINEAL   ,CASTILLO UCLES  
110,110,2018-11-09 00:00:00,2019-02-28 23:59:59,62845,110,PLAZA DE MANUEL BECERRA,CEMENTERIO DE LA ALMUDENA,MANUEL BECERRA  ,CMTº ALMUDENA   
110,110,2022-03-05 00:00:00,2023-02-08 23:59:59,62845,110,PLAZA DE MANUEL BECERRA,CEMENTERIO DE LA ALMUDENA, MANUEL  BECERRA, CMTº  ALMUDENA 
111,110,2018-12-21 00:00:00,2019-02-28 23:59:59,62865,111,PUENTE VALLECAS,ENTREVIAS,PUENTE VALLECAS ,ENTREVIAS       
112,110,2017-06-21 00:00:00,2019-02-28 23:59:59,62875,112,MAR DE CRISTAL,BARRIO DEL AEROPUERTO,MAR DE CRISTAL  ,Bº AEROPUERTO   
113,110,2018-08-25 00:00:00,2019-02-28 23:59:59,62865,113,MENDEZ ALVARO,PLAZA DE CIUDAD LINEAL,MENDEZ ALVARO   ,CIUDAD LINEAL   
114,110,2017-04-13 00:00:00,2019-02-28 23:59:59,62875,114,AVENIDA DE AMERICA,BARRIO DEL AEROPUERTO,AVENIDA AMERICA ,Bº AEROPUERTO   
115,110,2018-11-10 00:00:00,2019-02-28 23:59:59,62875,115,AVENIDA DE AMERICA,BARAJAS,AVENIDA AMERICA ,BARAJAS         
116,110,2018-09-28 00:00:00,2019-02-28 23:59:59,62835,116,GLORIETA DE EMBAJADORES,VILLAVERDE CRUCE,EMBAJADORES     ,VILLAVERDE CRUCE
117,110,2014-01-13 00:00:00,2019-02-28 23:59:59,62835,117,ALUCHE,COLONIA SAN IGNACIO DE LOYOLA,ALUCHE          ,SAN IGNACIO     
118,110,2018-08-31 00:00:00,2019-01-21 23:59:59,62835,118,GLORIETA DE EMBAJADORES,AVENIDA DE LA PESETA,EMBAJADORES     ,LA PESETA       
119,110,2017-08-03 00:00:00,2019-01-21 23:59:59,62835,119,ATOCHA,BARRIO DE GOYA,ATOCHA          ,BARRIO GOYA     
120,110,2018-10-24 00:00:00,2019-02-28 23:59:59,62875,120,PLAZA DE LIMA,HORTALEZA,PLAZA LIMA      ,HORTALEZA       
121,110,2018-10-17 00:00:00,2019-02-26 23:59:59,62835,121,CAMPAMENTO,HOSPITAL 12 DE OCTUBRE,CAMPAMENTO      ,H. 12 OCTUBRE   
122,110,2017-06-26 00:00:00,2019-02-28 23:59:59,62875,122,AVENIDA DE AMERICA,FERIA DE MADRID,AVENIDA AMERICA ,FERIA DE MADRID 
123,110,2018-09-17 00:00:00,2019-02-28 23:59:59,62835,123,PLAZA DE LEGAZPI,BUTARQUE,LEGAZPI         ,BUTARQUE        
124,110,2018-06-13 00:00:00,2019-01-21 23:59:59,62825,124,GLORIETA DE CUATRO CAMINOS,LACOMA,CUATRO CAMINOS  ,LACOMA          
125,110,2013-02-27 00:00:00,2019-02-28 23:59:59,62875,125,MAR DE CRISTAL,HOSPITAL RAMON Y CAJAL,MAR DE CRISTAL  ,H. RAMON Y CAJAL
126,110,2018-11-29 00:00:00,2019-02-28 23:59:59,62825,126,NUEVOS MINISTERIOS,BARRIO DEL PILAR,MINISTERIOS     ,BARRIO DEL PILAR
127,110,2015-02-07 00:00:00,2019-02-28 23:59:59,62875,127,GLORIETA DE CUATRO CAMINOS,CIUDAD DE LOS PERIODISTAS,CUATRO CAMINOS  ,C. PERIODISTAS  
128,110,2018-06-13 00:00:00,2019-02-28 23:59:59,62825,128,GLORIETA DE CUATRO CAMINOS,BARRIO DEL PILAR,CUATRO CAMINOS  ,BARRIO DEL PILAR
129,110,2012-12-19 00:00:00,2019-02-28 23:59:59,62875,129,PLAZA DE CASTILLA,MANOTERAS,PLAZA CASTILLA  ,MANOTERAS       
130,110,2018-06-07 00:00:00,2019-02-28 23:59:59,62835,130,VILLAVERDE ALTO,VICALVARO,VILLAVERDE ALTO ,VICALVARO       
131,110,2017-12-05 00:00:00,2019-02-28 23:59:59,62835,131,CAMPAMENTO,VILLAVERDE ALTO,CAMPAMENTO      ,VILLAVERDE ALTO 
132,110,2015-02-07 00:00:00,2019-02-28 23:59:59,62825,132,MONCLOA,HOSPITAL LA PAZ,MONCLOA         ,HOSPITAL LA PAZ 
133,110,2018-11-21 00:00:00,2019-02-28 23:59:59,62825,133,PLAZA DEL CALLAO,MIRASIERRA,CALLAO          ,MIRASIERRA      
134,110,2018-12-05 00:00:00,2019-02-28 23:59:59,62875,134,PLAZA DE CASTILLA|VAGUADA,MONTECARMELO,PLAZA CASTILLA  ,MONTECARMELO    
135,110,2014-01-13 00:00:00,2019-02-28 23:59:59,62875,135,PLAZA DE CASTILLA,HOSPITAL RAMON Y CAJAL,PLAZA CASTILLA  ,H. RAMON Y CAJAL
136,110,2015-01-28 00:00:00,2019-02-28 23:59:59,62865,136,PACIFICO,MADRID SUR,PACIFICO        ,MADRID SUR      
137,110,2015-07-22 00:00:00,2019-01-21 23:59:59,62875,137,CIUDAD PUERTA DE HIERRO,FUENCARRAL,PUERTA HIERRO   ,FUENCARRAL      
138,110,2017-09-12 00:00:00,2019-02-28 23:59:59,62835,138,PLAZA DE CRISTO REY,ALUCHE,CRISTO REY      ,ALUCHE          
138,110,2019-09-23 00:00:00,2019-12-21 23:59:59,62835,138,PLAZA DE CRISTO REY,COLONIA SAN IGNACIO DE LOYOLA,CRISTO REY      ,SAN IGNACIO     
139,110,2014-01-13 00:00:00,2019-02-28 23:59:59,62835,139,DEHESA DEL PRINCIPE,CARABANCHEL ALTO,DEHESA PRINCIPE ,CARABANCHEL ALTO
140,110,2018-07-06 00:00:00,2019-02-28 23:59:59,62845,140,PAVONES,CANILLEJAS,PAVONES         ,CANILLEJAS      
141,110,2017-05-21 00:00:00,2019-01-30 23:59:59,62865,141,ATOCHA RENFE,BUENOS AIRES,ATOCHA RENFE    ,BUENOS AIRES    
141,110,2021-01-01 00:00:00,2021-05-04 23:59:59,62865,141,ESTACION DE ATOCHA,BUENOS AIRES,ESTACION ATOCHA ,BUENOS AIRES    
142,110,2017-04-04 00:00:00,2019-02-28 23:59:59,62865,142,PAVONES,ENSANCHE DE VALLECAS,PAVONES         ,ENSANCH.VALLECAS
143,110,2017-04-04 00:00:00,2019-02-28 23:59:59,62865,143,PLAZA DE MANUEL BECERRA,VILLA DE VALLECAS,MANUEL BECERRA  ,VILLA VALLECAS  
144,110,2016-12-22 00:00:00,2019-02-28 23:59:59,62865,144,PAVONES,ENTREVIAS,PAVONES         ,ENTREVIAS       
145,110,2017-12-23 00:00:00,2019-02-28 23:59:59,62865,145,PLAZA DEL CONDE DE CASAL,ENSANCHE DE VALLECAS,CONDE DE CASAL  ,ENSANCH.VALLECAS
146,110,2018-11-21 00:00:00,2019-02-08 23:59:59,62875,146,PLAZA DEL CALLAO,LOS MOLINOS,CALLAO          ,LOS MOLINOS     
147,110,2018-11-29 00:00:00,2019-02-28 23:59:59,62825,147,PLAZA DEL CALLAO,BARRIO DEL PILAR,CALLAO          ,BARRIO DEL PILAR
148,110,2018-11-21 00:00:00,2019-02-28 23:59:59,62865,148,PLAZA DEL CALLAO,PUENTE DE VALLECAS,CALLAO          ,PUENTE VALLECAS 
149,110,2018-10-22 00:00:00,2019-02-28 23:59:59,62825,149,TRIBUNAL,PLAZA DE CASTILLA,TRIBUNAL        ,PLAZA CASTILLA  
150,110,2018-11-27 00:00:00,2019-01-09 23:59:59,62875,150,PUERTA DEL SOL/SEVILLA,COLONIA VIRGEN DEL CORTIJO,SOL/SEVILLA     ,VIRGEN CORTIJO  
151,110,2017-03-09 00:00:00,2019-02-28 23:59:59,62875,151,CANILLEJAS,BARAJAS,CANILLEJAS      ,BARAJAS         
152,110,2017-02-27 00:00:00,2019-02-28 23:59:59,62865,152,AVENIDA DE FELIPE II,MENDEZ ALVARO,FELIPE II       ,MENDEZ ALVARO   
153,110,2013-06-02 00:00:00,2019-02-28 23:59:59,62845,153,LAS ROSAS,MAR DE CRISTAL,LAS ROSAS       ,MAR DE CRISTAL  
155,110,2017-02-02 00:00:00,2019-02-28 23:59:59,62835,155,PLAZA ELIPTICA,ALUCHE,PLAZA ELIPTICA  ,ALUCHE          
156,110,2017-10-10 00:00:00,2019-02-28 23:59:59,62865,156,PLAZA DE MANUEL BECERRA,PLAZA DE LEGAZPI,MANUEL BECERRA  ,LEGAZPI         
158,110,2024-12-01 00:00:00,2025-01-14 23:59:59,62835,158,PLAZA DE ESPAÑA,LOS CARMENES,PLAZA DE ESPAÑA ,LOS CARMENES    
159,110,2020-03-16 00:00:00,2020-08-02 23:59:59,62845,159,ALSACIA,EL CAÑAVERAL,ALSACIA         ,EL CAÑAVERAL    
160,110,2017-03-07 00:00:00,2019-02-28 23:59:59,62825,160,MONCLOA,ARAVACA,MONCLOA         ,ARAVACA         
161,110,2017-03-07 00:00:00,2019-02-24 23:59:59,62825,161,MONCLOA,ESTACION DE ARAVACA,MONCLOA         ,ESTACION ARAVACA
161,110,2019-02-25 00:00:00,2019-02-28 23:59:59,62825,161,MONCLOA,ARAVACA SUR,MONCLOA         ,ARAVACA SUR     
162,110,2018-10-04 00:00:00,2019-02-04 23:59:59,62825,162,MONCLOA,EL BARRIAL,MONCLOA         ,EL BARRIAL      
163,110,2021-03-02 00:00:00,2999-12-31 23:59:59,62825,163,ESTACION DE ARAVACA,EL PLANTIO,ESTACION ARAVACA,EL PLANTIO      
164,110,2024-12-01 00:00:00,2999-12-31 23:59:59,62875,164,MONCLOA,EL PARDO,MONCLOA         ,EL PARDO        
165,110,2018-04-01 00:00:00,2019-02-28 23:59:59,62845,165,ALSACIA,HOSPITAL RAMON Y CAJAL,ALSACIA         ,H. RAMON Y CAJAL
166,110,2019-04-01 00:00:00,2023-02-07 23:59:59,62875,166,BARAJAS,HOSPITAL RAMON Y CAJAL,BARAJAS         ,H. RAMON Y CAJAL
167,110,2021-02-16 00:00:00,2021-03-07 23:59:59,62875,167,ALSACIA,COLONIA FIN DE SEMANA,ALSACIA         ,FIN DE SEMANA   
170,110,2022-04-25 00:00:00,2022-12-30 23:59:59,62875,170,ARROYO DEL FRESNO,SANCHINARRO,ARROYO FRESNO   ,SANCHINARRO     
171,110,2018-04-28 00:00:00,2019-02-28 23:59:59,62875,171,MAR DE CRISTAL,VALDEBEBAS,MAR DE CRISTAL  ,VALDEBEBAS      
172,110,2018-12-13 00:00:00,2019-02-28 23:59:59,62875,172,MAR DE CRISTAL,TELEFONICA,MAR DE CRISTAL  ,TELEFONICA      
173,110,2018-05-04 00:00:00,2019-02-28 23:59:59,62875,173,PLAZA DE CASTILLA,SANCHINARRO,PLAZA CASTILLA  ,SANCHINARRO     
174,110,2018-12-13 00:00:00,2019-02-28 23:59:59,62875,174,PLAZA DE CASTILLA,VALDEBEBAS,PLAZA CASTILLA  ,VALDEBEBAS      
175,110,2018-12-02 00:00:00,2019-01-09 23:59:59,62875,175,PLAZA DE CASTILLA,LAS TABLAS NORTE,PLAZA CASTILLA  ,LAS TABLAS NORTE
176,110,2017-06-01 00:00:00,2019-02-28 23:59:59,62875,176,PLAZA DE CASTILLA,LAS TABLAS SUR,PLAZA CASTILLA  ,LAS TABLAS SUR  
177,110,2018-06-15 00:00:00,2019-02-05 23:59:59,62875,177,PLAZA DE CASTILLA,MARQUES DE VIANA,PLAZA CASTILLA  ,MARQUES DE VIANA
178,110,2018-12-05 00:00:00,2019-02-28 23:59:59,62875,178,PLAZA DE CASTILLA,MONTECARMELO,PLAZA CASTILLA  ,MONTECARMELO    
179,110,2024-12-01 00:00:00,2025-04-11 23:59:59,62875,179,PLAZA CASTILLA,EL PARDO,PLAZA CASTILLA  ,EL PARDO        
180,110,2012-05-04 00:00:00,2019-02-28 23:59:59,62865,180,PLAZA DE LEGAZPI,CAJA MAGICA,LEGAZPI         ,CAJA MAGICA     
180,110,2024-09-10 00:00:00,2025-05-30 23:59:59,62865,180,PLAZA DE LEGAZPI,ESTACION EL POZO,LEGAZPI         ,ESTACION EL POZO
180,110,2025-05-31 00:00:00,2025-12-20 23:59:59,62865,180,ARGANZUELA PLANETARIO,ESTACION EL POZO,ARGANZUELA      ,ESTACION EL POZO
180,110,2025-12-21 00:00:00,2999-12-31 23:59:59,62865,180,PLAZA DE LEGAZPI,ESTACION EL POZO,LEGAZPI         ,ESTACION EL POZO
200,110,2017-12-13 00:00:00,2019-02-28 23:59:59,62825,200,AVENIDA DE AMERICA,AEROPUERTO,AVENIDA AMERICA ,AEROPUERTO      
200,110,2023-02-13 00:00:00,2024-06-17 23:59:59,62875,200,AVENIDA DE AMERICA,AEROPUERTO,AVENIDA AMERICA ,AEROPUERTO      
203,410,2017-05-21 00:00:00,2019-02-28 23:59:59,62875,203,ATOCHA RENFE,AEROPUERTO,ATOCHA RENFE    ,AEROPUERTO      
203,410,2021-01-01 00:00:00,2021-04-20 23:59:59,62875,203,ESTACION DE ATOCHA,AEROPUERTO,ESTACION ATOCHA ,AEROPUERTO      
210,110,2018-11-27 00:00:00,2019-02-28 23:59:59,62845,210,DIEGO DE LEON,LA ELIPA,DIEGO DE LEON   ,LA ELIPA        
210,110,2022-03-05 00:00:00,2023-02-08 23:59:59,62845,210,DIEGO DE LEON,LA ELIPA, DIEGO  DE  LEON, LA  ELIPA      
215,110,2014-01-13 00:00:00,2019-02-28 23:59:59,62845,215,AVENIDA DE FELIPE II,PARQUE DE ROMA,FELIPE II       ,PARQUE ROMA     
247,110,2018-09-29 00:00:00,2019-02-28 23:59:59,62835,247,ATOCHA,COLONIA SAN JOSE OBRERO,ATOCHA          ,SAN JOSE OBRERO 
310,110,2018-12-21 00:00:00,2019-02-05 23:59:59,62865,310,PACIFICO,ESTACION EL POZO,PACIFICO        ,ESTACION EL POZO
361,110,2020-02-18 00:00:00,2020-04-20 23:59:59,62825,001,ATOCHA RENFE,MONCLOA,ATOCHA RENFE    ,MONCLOA         
361,110,2021-01-01 00:00:00,2022-03-20 23:59:59,62825,001,ESTACION DE ATOCHA,MONCLOA,ESTACION ATOCHA ,MONCLOA         
362,110,2020-03-03 00:00:00,2020-04-20 23:59:59,62835,002,PUERTA DE TOLEDO,ARGÜELLES,PUERTA DE TOLEDO,ARGÜELLES       
362,110,2021-12-21 00:00:00,2022-01-19 23:59:59,62835,002,PUERTA TOLEDO,ARGÜELLES,PUERTA TOLEDO   ,ARGÜELLES       
362,110,2022-01-20 00:00:00,2022-02-03 23:59:59,62835,002,PUERTA DE TOLEDO,ARGÜELLES,PUERTA DE TOLEDO,ARGÜELLES       
362,110,2022-02-04 00:00:00,2022-02-16 23:59:59,62835,002,PUERTA TOLEDO,ARGÜELLES,PUERTA TOLEDO   ,ARGÜELLES       
362,110,2022-02-17 00:00:00,2022-02-22 23:59:59,62835,002,PUERTA DE TOLEDO,ARGÜELLES,PUERTA DE TOLEDO,ARGÜELLES       
362,110,2022-02-23 00:00:00,2022-03-09 23:59:59,62835,002,PUERTA TOLEDO,ARGÜELLES,PUERTA TOLEDO   ,ARGÜELLES       
362,110,2022-03-10 00:00:00,2022-03-13 23:59:59,62835,002,PUERTA DE TOLEDO,ARGÜELLES,PUERTA DE TOLEDO,ARGÜELLES       
362,110,2022-04-05 00:00:00,2022-05-17 23:59:59,62835,002,PUERTA TOLEDO,ARGÜELLES,PUERTA TOLEDO   ,ARGÜELLES       
362,110,2022-05-18 00:00:00,2022-05-19 23:59:59,62835,002,PUERTA DE TOLEDO,ARGÜELLES,PUERTA DE TOLEDO,ARGÜELLES       
362,110,2022-05-20 00:00:00,2023-01-29 23:59:59,62835,002,PUERTA TOLEDO,ARGÜELLES,PUERTA TOLEDO   ,ARGÜELLES       
362,110,2023-01-30 00:00:00,2023-03-21 23:59:59,62835,002,PUERTA DE TOLEDO,ARGÜELLES,PUERTA DE TOLEDO,ARGÜELLES       
362,110,2023-06-26 00:00:00,2023-07-02 23:59:59,62835,002,PUERTA TOLEDO,ARGÜELLES,PUERTA TOLEDO   ,ARGÜELLES       
362,110,2023-07-03 00:00:00,2023-07-31 23:59:59,62835,002,PUERTA DE TOLEDO,ARGÜELLES,PUERTA DE TOLEDO,ARGÜELLES       
362,110,2023-08-12 00:00:00,2024-01-24 23:59:59,62835,002,PUERTA TOLEDO,ARGÜELLES,PUERTA TOLEDO   ,ARGÜELLES       
362,110,2024-01-25 00:00:00,2024-02-19 23:59:59,62835,002,PUERTA DE TOLEDO,ARGÜELLES,PUERTA DE TOLEDO,ARGÜELLES       
362,110,2024-02-20 00:00:00,2024-05-23 23:59:59,62835,002,PUERTA TOLEDO,ARGÜELLES,PUERTA TOLEDO   ,ARGÜELLES       
362,110,2024-05-24 00:00:00,2024-06-07 23:59:59,62835,002,PUERTA DE TOLEDO,ARGÜELLES,PUERTA DE TOLEDO,ARGÜELLES       
362,110,2024-06-08 00:00:00,2024-07-14 23:59:59,62835,002,PUERTA TOLEDO,ARGÜELLES,PUERTA TOLEDO   ,ARGÜELLES       
362,110,2024-07-15 00:00:00,2024-07-19 23:59:59,62835,002,PUERTA DE TOLEDO,ARGÜELLES,PUERTA DE TOLEDO,ARGÜELLES       
362,110,2024-07-20 00:00:00,2025-02-02 23:59:59,62835,002,PUERTA TOLEDO,ARGÜELLES,PUERTA TOLEDO   ,ARGÜELLES       
362,110,2025-02-03 00:00:00,2025-04-25 23:59:59,62835,002,PUERTA DE TOLEDO,ARGÜELLES,PUERTA DE TOLEDO,ARGÜELLES       
362,110,2025-05-21 00:00:00,2025-06-01 23:59:59,62835,002,PUERTA TOLEDO,ARGÜELLES,PUERTA TOLEDO   ,ARGÜELLES       
363,110,2020-09-15 00:00:00,2020-10-18 23:59:59,62825,C03,PUERTA DE TOLEDO,ARGÜELLES,PUERTA TOLEDO   ,ARGÜELLES       
372,110,2018-12-13 00:00:00,2019-02-28 23:59:59,62875,172SF,MAR DE CRISTAL,LAS TABLAS,MAR DE CRISTAL  ,LAS TABLAS      
401,110,2013-10-09 00:00:00,2019-02-28 23:59:59,62835,E1,ATOCHA,PLAZA ELIPTICA,ATOCHA          ,PLAZA ELIPTICA  
401,110,2019-05-07 00:00:00,2021-03-29 23:59:59,62835,E1,PLAZA DE CIBELES,LA PESETA,CIBELES         ,LA PESETA       
402,110,2018-06-04 00:00:00,2019-02-28 23:59:59,62845,E2,AVENIDA DE FELIPE II,LAS ROSAS,FELIPE II       ,LAS ROSAS       
403,110,2018-06-07 00:00:00,2019-02-28 23:59:59,62845,E3,AVENIDA DE FELIPE II,VALDERRIVAS,FELIPE II       ,VALDERRIVAS     
404,110,2018-12-01 00:00:00,2019-02-28 23:59:59,62845,E4,AVENIDA DE FELIPE II,VALDEBERNARDO,FELIPE II       ,VALDEBERNARDO   
405,110,2021-03-17 00:00:00,2021-10-14 23:59:59,62845,E5,MANUEL BECERRA,EL CAÑAVERAL,MANUEL BECERRA  ,EL CAÑAVERAL    
451,120,2019-01-01 00:00:00,2019-02-28 23:59:59,62875,T11,MAR DE CRISTAL,PARQUE EMPRESARIAL CRISTALIA,MAR DE CRISTAL  ,CRISTALIA       
452,120,2017-10-17 00:00:00,2019-02-28 23:59:59,62845,T23,PUERTA DE ARGANDA,POLIGONO INDUSTRIAL DE VICALVARO,PUERTA ARGANDA  ,P.IND.VICALVARO 
453,120,2015-01-20 00:00:00,2019-02-28 23:59:59,62865,T32,PLAZA DE LEGAZPI,MERCAMADRID-C.T.M,LEGAZPI         ,MERCAMADRID     
454,120,2018-08-25 00:00:00,2019-02-28 23:59:59,62865,T31,ESTACION EL POZO,SIERRA DE GUADALUPE,ESTACION EL POZO,SIERRA GUADALUPE
455,120,2015-03-09 00:00:00,2019-02-28 23:59:59,62875,T61,ESTACION DE CERCANIAS DE FUENCARRAL,LAS TABLAS,EST. FUENCARRAL ,LAS TABLAS      
456,120,2017-04-12 00:00:00,2019-02-28 23:59:59,62835,T41,VILLAVERDE ALTO,POLIGONO INDUSTRIAL LA RESINA,VILLAVERDE ALTO ,P.IND.LA RESINA 
457,120,2014-07-19 00:00:00,2019-02-28 23:59:59,62825,T62,PLAZA DE CASTILLA,ESTACION DE CHAMARTIN,PLAZA CASTILLA  ,CHAMARTIN       
457,120,2021-03-23 00:00:00,2023-02-02 23:59:59,62875,T62,PLAZA DE CASTILLA,ESTACION DE CHAMARTIN,PLAZA CASTILLA  ,CHAMARTIN       
481,110,2016-02-20 00:00:00,2019-02-28 23:59:59,62865,H1,SIERRA DE GUADALUPE,HOSPITAL INFANTA LEONOR,SIERRA GUADALUPE,H.INFANTA LEONOR
501,320,2018-12-13 00:00:00,2019-02-28 23:59:59,62875,N1,PLAZA DE CIBELES,SANCHINARRO,CIBELES         ,SANCHINARRO     
502,320,2018-09-22 00:00:00,2019-02-28 23:59:59,62875,N2,PLAZA DE CIBELES,VALDEBEBAS,CIBELES         ,VALDEBEBAS      
503,320,2018-10-24 00:00:00,2019-02-28 23:59:59,62825,N3,PLAZA DE CIBELES,CANILLAS,CIBELES         ,CANILLAS        
503,320,2023-11-29 00:00:00,2024-01-03 23:59:59,62825,N3,PLAZA DE CIBELES,FERIA DE MADRID,CIBELES         ,FERIA DE MADRID 
504,320,2018-11-10 00:00:00,2019-02-28 23:59:59,62875,N4,PLAZA DE CIBELES,BARAJAS,CIBELES         ,BARAJAS         
505,320,2018-09-22 00:00:00,2019-02-28 23:59:59,62875,N5,PLAZA DE CIBELES,COLONIA FIN DE SEMANA,CIBELES         ,FIN DE SEMANA   
506,320,2018-11-09 00:00:00,2019-02-28 23:59:59,62845,N6,PLAZA DE CIBELES,LAS ROSAS,CIBELES         ,LAS ROSAS       
506,320,2022-03-05 00:00:00,2022-04-30 23:59:59,62865,N6,PLAZA DE CIBELES,LAS ROSAS,CIBELES         ,LAS ROSAS       
506,320,2023-04-10 00:00:00,2023-11-20 23:59:59,62865,N6,PLAZA DE CIBELES,EL CAÑAVERAL,CIBELES         ,EL CAÑAVERAL    
507,320,2018-09-22 00:00:00,2019-02-28 23:59:59,62845,N7,PLAZA DE CIBELES,VALDERRIVAS,CIBELES         ,VALDERRIVAS     
507,320,2022-03-05 00:00:00,2022-04-30 23:59:59,62865,N7,PLAZA DE CIBELES,VALDERRIVAS,CIBELES         ,VALDERRIVAS     
508,320,2018-12-15 00:00:00,2019-01-31 23:59:59,62845,N8,PLAZA DE CIBELES,VALDEBERNARDO,CIBELES         ,VALDEBERNARDO   
508,320,2022-03-05 00:00:00,2022-06-21 23:59:59,62865,N8,PLAZA DE CIBELES,VALDEBERNARDO,CIBELES         ,VALDEBERNARDO   
508,320,2023-11-29 00:00:00,2024-01-08 23:59:59,62865,N8,PLAZA DE CIBELES,PAVONES,CIBELES         ,PAVONES         
509,320,2017-02-10 00:00:00,2019-02-28 23:59:59,62845,N9,PLAZA DE CIBELES,ENSANCHE DE VALLECAS,CIBELES         ,ENSANCH.VALLECAS
509,320,2022-03-05 00:00:00,2023-06-19 23:59:59,62865,N9,PLAZA DE CIBELES,ENSANCHE DE VALLECAS,CIBELES         ,ENSANCH.VALLECAS
510,320,2018-12-20 00:00:00,2019-02-05 23:59:59,62865,N10,PLAZA DE CIBELES,PALOMERAS,CIBELES         ,PALOMERAS       
511,320,2016-10-14 00:00:00,2019-02-11 23:59:59,62865,N11,PLAZA DE CIBELES,MADRID SUR,CIBELES         ,MADRID SUR      
512,320,2017-05-22 00:00:00,2019-02-28 23:59:59,62865,N12,PLAZA DE CIBELES,BUTARQUE,CIBELES         ,BUTARQUE        
513,320,2018-06-21 00:00:00,2019-02-28 23:59:59,62865,N13,PLAZA DE CIBELES,COLONIA SAN CRISTOBAL DE LOS ANGELES,CIBELES         ,SAN CRISTOBAL   
514,320,2018-09-28 00:00:00,2019-02-28 23:59:59,62865,N14,PLAZA DE CIBELES,VILLAVERDE ALTO,CIBELES         ,VILLAVERDE ALTO 
515,320,2016-10-20 00:00:00,2019-02-28 23:59:59,62835,N15,PLAZA DE CIBELES,ORCASUR,CIBELES         ,ORCASUR         
515,320,2023-11-29 00:00:00,2024-10-05 23:59:59,62835,N15,PLAZA DE CIBELES,HOSPITAL 12 DE OCTUBRE,CIBELES         ,H. 12 OCTUBRE   
516,320,2018-10-25 00:00:00,2019-02-28 23:59:59,62835,N16,PLAZA DE CIBELES,AVENIDA DE LA PESETA,CIBELES         ,LA PESETA       
517,320,2017-05-24 00:00:00,2019-02-28 23:59:59,62835,N17,PLAZA DE CIBELES,CARABANCHEL ALTO,CIBELES         ,CARABANCHEL ALTO
518,320,2018-11-21 00:00:00,2019-02-28 23:59:59,62835,N18,PLAZA DE CIBELES,ALUCHE,CIBELES         ,ALUCHE          
518,320,2023-11-29 00:00:00,2023-11-29 23:59:59,62835,N18,PLAZA DE CIBELES,LAS ÁGUILAS,CIBELES         ,LAS ÁGUILAS     
519,320,2018-11-21 00:00:00,2019-02-28 23:59:59,62835,N19,PLAZA DE CIBELES,COLONIA SAN IGNACIO DE LOYOLA,CIBELES         ,SAN IGNACIO     
520,320,2018-11-21 00:00:00,2019-02-28 23:59:59,62825,N20,PLAZA DE CIBELES,PITIS,CIBELES         ,PITIS           
521,320,2018-11-21 00:00:00,2019-02-28 23:59:59,62825,N21,PLAZA DE CIBELES,ARROYO DEL FRESNO,CIBELES         ,ARROYO FRESNO   
522,320,2018-11-22 00:00:00,2019-02-28 23:59:59,62825,N22,PLAZA DE CIBELES,BARRIO DEL PILAR,CIBELES         ,BARRIO DEL PILAR
522,320,2023-11-29 00:00:00,2024-11-21 23:59:59,62825,N22,PLAZA DE CIBELES,BARRIO DE LA PAZ,CIBELES         ,BARRIO DE LA PAZ
523,320,2018-12-05 00:00:00,2019-02-28 23:59:59,62825,N23,PLAZA DE CIBELES,MONTECARMELO,CIBELES         ,MONTECARMELO    
524,320,2018-11-22 00:00:00,2019-02-28 23:59:59,62875,N24,PLAZA DE CIBELES,LAS TABLAS,CIBELES         ,LAS TABLAS      
525,320,2018-09-06 00:00:00,2019-01-09 23:59:59,62845,N25,PLAZA DE ALONSO MARTINEZ,VILLA DE VALLECAS,ALONSO MARTINEZ ,VILLA VALLECAS  
525,320,2022-03-05 00:00:00,2022-05-29 23:59:59,62865,N25,PLAZA DE ALONSO MARTINEZ,VILLA DE VALLECAS,ALONSO MARTINEZ ,VILLA VALLECAS  
526,320,2017-03-22 00:00:00,2019-01-21 23:59:59,62835,N26,PLAZA DE ALONSO MARTINEZ,ALUCHE,ALONSO MARTINEZ ,ALUCHE          
527,420,2014-01-13 00:00:00,2019-02-28 23:59:59,62875,N27,PLAZA DE CIBELES,AEROPUERTO,CIBELES         ,AEROPUERTO      
528,320,2018-10-29 00:00:00,2019-02-28 23:59:59,62825,N28,MONCLOA,ARAVACA,MONCLOA         ,ARAVACA         
529,320,2023-11-29 00:00:00,2025-08-03 23:59:59,62825,NC1,CUATRO CAMINOS,ESTACION DE ATOCHA,CUATRO CAMINOS  ,ESTACION ATOCHA 
530,320,2023-11-29 00:00:00,2025-07-01 23:59:59,62825,NC2,CUATRO CAMINOS,ESTACION DE ATOCHA,CUATRO CAMINOS  ,ESTACION ATOCHA 
531,320,2024-12-01 00:00:00,2999-12-31 23:59:59,62875,N31,MONCLOA,EL PARDO,MONCLOA         ,EL PARDO        
600,970,2008-05-01 00:00:00,2099-12-31 00:00:00,62825,600,PRUEBAS,,PRUEBAS,
601,155,2018-10-19 00:00:00,2019-02-11 23:59:59,62835,M1,PUERTA DEL SOL/SEVILLA,GLORIETA DE EMBAJADORES,SOL/SEVILLA     ,EMBAJADORES     
602,155,2018-10-06 00:00:00,2019-02-28 23:59:59,62835,M2,SEVILLA,ARGÜELLES,SEVILLA         ,ARGÜELLES       
603,155,2024-01-15 00:00:00,2024-01-24 23:59:59,62835,M3,PUERTA DEL SOL/SEVILLA,PUERTA DE TOLEDO,SOL/SEVILLA     ,PUERTA DE TOLEDO
603,155,2024-07-23 00:00:00,2024-08-10 23:59:59,62835,M3,PUERTA DEL SOL/SEVILLA,PUERTA TOLEDO,SOL/SEVILLA     ,PUERTA TOLEDO   
603,155,2024-08-11 00:00:00,2024-08-19 23:59:59,62835,M3,PUERTA DEL SOL/SEVILLA,PUERTA DE TOLEDO,SOL/SEVILLA     ,PUERTA DE TOLEDO
603,155,2024-08-20 00:00:00,2025-02-02 23:59:59,62835,M3,PUERTA DEL SOL/SEVILLA,PUERTA TOLEDO,SOL/SEVILLA     ,PUERTA TOLEDO   
661,620,2018-11-29 00:00:00,2019-01-06 00:00:00,62825,SE661,NAVILUZ,,NAVILUZ         ,NAVILUZ         
702,110,2014-01-13 00:00:00,2019-02-28 23:59:59,62835,SE702,PLAZA ELIPTICA,CEMENTERIO SUR,PLAZA ELIPTICA  ,CEMENTERIO SUR  
704,110,2014-01-13 00:00:00,2019-02-28 23:59:59,62825,SE704,PLAZA DE CASTILLA,CEMENTERIO DE FUENCARRAL,PLAZA CASTILLA  ,CMTº FUENCARRAL 
708,160,2021-09-01 00:00:00,2022-02-28 23:59:59,62835,SE708,PLAZA ELIPTICA,ISLAZUL,PLAZA ELIPTICA  ,ISLAZUL         
709,160,2020-12-02 00:00:00,2024-12-18 23:59:59,62875,SE709,FERIA DE MADRID,HOSPITAL ENFERMERA ISABEL ZENDAL,FERIA DE MADRID ,H. ISABEL ZENDAL
710,171,2020-03-23 00:00:00,2020-04-02 23:59:59,62825,SE710,ATOCHA,HOSPITAL IFEMA,ATOCHA          ,HOSPITAL IFEMA  
710,171,2020-05-05 00:00:00,2020-05-24 23:59:59,62825,SE710,ATOCHA,HOSPITAL LA PAZ,ATOCHA          ,HOSPITAL LA PAZ 
711,160,2020-07-08 00:00:00,2020-10-09 23:59:59,62865,SB1,HOSPITAL 12 DE OCTUBRE,HOSPITAL INFANTA LEONOR,H. 12 OCTUBRE   ,H.INFANTA LEONOR
712,160,2020-10-07 00:00:00,2020-10-16 23:59:59,62835,SE712,PUERTA DEL SOL/SEVILLA,PUERTA DE TOLEDO,SOL/SEVILLA     ,PUERTA DE TOLEDO
713,171,2021-02-01 00:00:00,2021-03-14 23:59:59,62875,SE713,HOTEL AC MADRID FERIA,HOSPITAL ENFERMERA ISABEL ZENDAL,HOTEL AC M.FERIA,H.ISABEL ZENDAL 
713,171,2021-03-15 00:00:00,2021-05-15 23:59:59,62875,SE713,HOSPITAL ENFERMERA ISABEL ZENDAL,HOTEL AC COSLADA AEROPUERTO,H.ISABEL ZENDAL ,HOTEL AC COSLADA
718,160,2017-11-14 00:00:00,2019-02-28 23:59:59,62845,SE718,PUERTA DE ARGANDA,CAÑADA REAL,PUERTA ARGANDA  ,CAÑADA REAL     
718,160,2022-03-05 00:00:00,2023-04-12 23:59:59,62865,SE718,PUERTA DE ARGANDA,CAÑADA REAL,PUERTA ARGANDA  ,CAÑADA REAL     
719,160,2050-01-01 00:00:00,2999-12-31 23:59:59,62865,SE719,SIERRA DE GUADALUPE,CAÑADA REAL,SIERRA GUADALUPE,CAÑADA REAL     
721,160,2018-04-22 00:00:00,2019-02-28 23:59:59,62845,SE721,CANILLEJAS,ESTADIO METROPOLITANO,CANILLEJAS      ,METROPOLITANO   
722,160,2018-11-10 00:00:00,2019-02-28 23:59:59,62875,SE722,BARAJAS,HOSPITAL RAMON Y CAJAL,BARAJAS         ,H. RAMON Y CAJAL
723,160,2018-11-30 00:00:00,2019-01-03 23:59:59,62845,SE,ALSACIA,CAÑAVERAL,ALSACIA         ,CAÑAVERAL       
724,171,2019-06-28 00:00:00,2019-06-30 23:59:59,62865,SE724,DOWNLOAD,,DOWNLOAD        ,DOWNLOAD        
726,171,2021-08-01 00:00:00,2021-08-31 23:59:59,62825,SE726,PLAZA CASTILLA,COLOMBIA,PLAZA CASTILLA  ,COLOMBIA        
727,171,2021-08-02 00:00:00,2022-07-31 23:59:59,62875,SE727,C.S. VILLAAMIL,C.S. CASTROVIEJO,C.S. VILLAAMIL  ,C.S. CASTROVIEJO
730,171,2018-11-25 00:00:00,2019-02-28 23:59:59,62835,SE730,PRINCIPE PIO,PINAR DE SAN JOSE,PRINCIPE PIO    ,P.SAN JOSE      
730,171,2022-11-23 00:00:00,2023-04-01 23:59:59,62835,SE730,PLAZA ELIPTICA,PINAR DE SAN JOSE,PLAZA ELIPTICA  ,P.SAN JOSE      
733,171,2022-06-27 00:00:00,2022-06-30 23:59:59,62875,SE733,MAR DE CRISTAL,FERIA DE MADRID,MAR DE CRISTAL  ,FERIA DE MADRID 
734,171,2021-07-01 00:00:00,2021-07-31 23:59:59,62835,SE734,PACIFICO,SAINZ DE BARANDA,PACIFICO        ,SAINZ DE BARANDA
735,171,2022-12-16 00:00:00,2023-01-08 23:59:59,62825,SE735,MADRID ARENA,HIPODROMO,MADRID ARENA    ,HIPODROMO       
736,171,2022-12-16 00:00:00,2023-01-08 23:59:59,62835,SE736,PRINCIPE PIO,MADRID ARENA,PRINCIPE PIO    ,MADRID ARENA    
737,171,2022-03-20 00:00:00,2022-03-20 23:59:59,62835,SE737,EMT MADRID,,EMT MADRID      ,EMT MADRID      
738,171,2022-07-30 00:00:00,2022-08-01 23:59:59,62825,SE738,SAINZ DE BARANDA,NUEVOS MINISTERIOS,SAINZ DE BARANDA,N. MINISTERIOS  
739,171,2022-03-28 00:00:00,2022-08-15 23:59:59,62835,SE739,POZUELO,HOSPITAL ENFERMERA ISABEL ZENDAL,POZUELO         ,H. ISABEL ZENDAL
740,171,2022-02-26 00:00:00,2022-03-12 23:59:59,62835,SE740,OPORTO,ALUCHE,OPORTO          ,ALUCHE          
741,171,2022-09-23 00:00:00,2022-09-24 23:59:59,62825,SE741,MONCLOA,CANTARRANAS,MONCLOA         ,CANTARRANAS     
743,171,2022-06-04 00:00:00,2022-09-11 23:59:59,62875,SE743,BARRIO DEL PILAR,HORTALEZA,BARRIO DEL PILAR,HORTALEZA       
744,160,2022-12-09 00:00:00,2023-11-01 23:59:59,62875,SE744,CANILLEJAS,REJAS,CANILLEJAS      ,REJAS           
745,171,2020-01-13 00:00:00,2020-01-25 23:59:59,62825,SE745,AVENIDA DE AMERICA,PINAR DE CHAMARTIN,AV. DE AMERICA  ,P. CHAMARTIN    
748,171,2022-12-03 00:00:00,2022-12-18 23:59:59,62875,SE748,CARTAGENA,AVENIDA DE AMERICA,CARTAGENA       ,AVENIDA AMERICA 
750,171,2019-05-03 00:00:00,2019-05-03 23:59:59,62825,SE750,PLAZA CASTILLA,VALDEBEBAS,PLAZA CASTILLA  ,VALDEBEBAS      
755,171,2019-06-01 00:00:00,2019-06-01 23:59:59,62825,SE755,ESTADIO METROPOLITANO,AIRPORT T4,METROPOLITANO   ,AIRPORT T4      
757,171,2019-06-01 00:00:00,2019-06-01 23:59:59,62825,SE757,ESTADIO METROPOLITANO,AIRPORT T1,METROPOLITANO   ,AIRPORT T1      
760,171,2021-11-25 00:00:00,2021-12-05 23:59:59,62835,SE760,PRINCIPE PIO,MADRID ARENA,PRINCIPE PIO    ,MADRID ARENA    
765,171,2019-10-04 00:00:00,2019-10-05 23:59:59,62825,SE765,PLAZA DE CASTILLA,FERIA DE MADRID,PLAZA CASTILLA  ,FERIA DE MADRID 
766,171,2018-11-25 00:00:00,2019-02-28 23:59:59,62865,SE766,ATOCHA,POLIGONO INDUSTRIAL DE VALLECAS,ATOCHA          ,P.I.VALLECAS    
766,171,2020-06-21 00:00:00,2020-09-06 23:59:59,62825,SE766,ATOCHA,POLIGONO INDUSTRIAL DE VALLECAS,ATOCHA          ,P.I.VALLECAS    
766,171,2020-09-07 00:00:00,2021-04-01 23:59:59,62835,SE766,ATOCHA,POLIGONO INDUSTRIAL DE VALLECAS,ATOCHA          ,P.I.VALLECAS    
767,171,2022-02-13 00:00:00,2022-05-27 23:59:59,62875,SE767,COLOMBIA,MAR DE CRISTAL,COLOMBIA        ,MAR CRISTAL     
771,171,2019-07-01 00:00:00,2019-08-31 23:59:59,62865,SE771,DELICIAS,MENDEZ ALVARO,DELICIAS        ,MENDEZ ALVARO   
781,171,2019-06-02 00:00:00,2019-11-18 23:59:59,62825,SE781,ATOCHA,NUEVOS MINISTERIOS,ATOCHA          ,MINISTERIOS     
781,171,2021-07-24 00:00:00,2021-08-29 23:59:59,62825,SE781,ESTACION DE ATOCHA,NUEVOS MINISTERIOS,ATOCHA          ,MINISTERIOS     
786,171,2019-02-15 00:00:00,2019-02-28 23:59:59,62845,SE786,PRINCIPE DE VERGARA,CALLAO,PRINCIPE VERGARA,CALLAO          
791,171,2025-06-20 00:00:00,2025-06-21 23:59:59,62865,SE,PLAZA DE LEGAZPI,CAJA MAGICA,LEGAZPI         ,CAJA MAGICA     
830,160,2024-12-19 00:00:00,2025-12-18 23:59:59,62875,SB,SMART BUS,,SMART BUS       ,SMART BUS       
831,160,2023-05-30 00:00:00,2023-07-11 23:59:59,62825,BR1,VALDEBEBAS,HOSPITAL RAMON Y CAJAL,VALDEBEBAS      ,H. RAMON Y CAJAL
832,160,2023-03-13 00:00:00,2023-06-26 23:59:59,62835,SE832,PRINCIPE PIO,HOSPITAL FUNDACION SAN JOSE,PRINCIPE PIO    ,H.FUND. SAN JOSE
833,160,2024-10-16 00:00:00,2024-12-17 23:59:59,62875,SE833,PLAZA CASTILLA,LAS TABLAS,PLAZA CASTILLA  ,LAS TABLAS      
850,171,2023-06-10 00:00:00,2023-06-11 23:59:59,62865,SE850,MENDEZ ALVARO,PLAZA DE CIBELES,MENDEZ ALVARO   ,CIBELES         
851,171,2023-06-10 00:00:00,2023-06-11 23:59:59,62875,SE851,ESTADIO METROPOLITANO,PLAZA DE CIBELES,METROPOLITANO   ,CIBELES         
852,171,2023-08-05 00:00:00,2023-09-06 23:59:59,62875,SE852,COLOMBIA,PRINCIPE DE VERGARA,COLOMBIA        ,PRINCIPE VERGARA
853,171,2023-06-24 00:00:00,2023-09-29 23:59:59,62835,SE853,ATOCHA,VALDECARROS,ATOCHA          ,VALDECARROS     
854,171,2023-07-07 00:00:00,2023-07-09 23:59:59,62835,SE854,ATOCHA,VILLAVERDE,ATOCHA          ,VILLAVERDE      
854,171,2023-07-14 00:00:00,2023-07-14 23:59:59,62835,SE854,VILLAVERDE,ATOCHA,VILLAVERDE      ,ATOCHA          
855,171,2023-09-01 00:00:00,2023-09-02 23:59:59,62865,SE855,CAJA MAGICA,ATOCHA,CAJA MAGICA     ,ATOCHA          
856,171,2023-09-16 00:00:00,2023-09-16 23:59:59,62825,SE856,FERIA DE MADRID,PLAZA DE CASTILLA,FERIA DE MADRID ,PLAZA CASTILLA  
857,171,2023-09-30 00:00:00,2023-10-13 23:59:59,62835,SE857,NUEVA NUMANCIA,VALDECARROS,NUEVA NUMANCIA  ,VALDECARROS     
858,171,2023-10-23 00:00:00,2023-10-25 23:59:59,62825,SE858,ESTADIO METROPOLITANO,GARCÍA NOBLEJAS,METROPOLITANO   ,GARCÍA NOBLEJAS 
859,171,2024-07-13 00:00:00,2024-07-14 23:59:59,62865,SE859,ATOCHA,VILLAVERDE ALTO,ATOCHA          ,VILLAVERDE ALTO 
860,171,2024-08-10 00:00:00,2024-08-18 23:59:59,62825,SE860,FUENCARRAL,PLAZA CASTILLA,FUENCARRAL      ,PLAZA CASTILLA  
861,171,2024-05-01 00:00:00,2024-05-02 23:59:59,62865,SE861,ATOCHA,VICÁLVARO,ATOCHA          ,VICÁLVARO       
862,171,2024-05-03 00:00:00,2024-05-03 23:59:59,62865,SE862,EL POZO,VICÁLVARO,EL POZO         ,VICÁLVARO       
863,171,2024-10-10 00:00:00,2024-10-13 23:59:59,62825,SE863,PRINCIPE PIO,ARAVACA,PRINCIPE PIO    ,ARAVACA         
864,171,2024-10-10 00:00:00,2024-10-13 23:59:59,62825,SE864,PRINCIPE PIO,EL BARRIAL,PRINCIPE PIO    ,EL BARRIAL      
865,171,2024-11-28 00:00:00,2024-12-01 23:59:59,62825,SE865,ESTADIO METROPOLITANO,GARCIA NOBLEJAS,METROPOLITANO   ,GARCIA NOBLEJAS 
866,171,2025-02-10 00:00:00,2025-08-06 23:59:59,62835,SE3,BATAN,LUCERO,BATAN           ,LUCERO          
867,171,2025-05-31 00:00:00,2025-06-09 23:59:59,62825,SE6,CIUDAD UNIVERSITARIA,MENDEZ ALVARO,C. UNIVERSITARIA,MENDEZ ALVARO   
868,171,2025-09-06 00:00:00,2025-09-12 23:59:59,62825,SE6,LEGAZPI,MONCLOA,LEGAZPI         ,MONCLOA         
869,171,2025-03-09 00:00:00,2025-05-20 23:59:59,62825,SC1,CUATRO CAMINOS,LEGAZPI,CUATRO CAMINOS  ,LEGAZPI         
870,171,2025-03-09 00:00:00,2025-03-16 23:59:59,62835,SC2,CUATRO CAMINOS,LEGAZPI,CUATRO CAMINOS  ,LEGAZPI         
871,171,2025-05-31 00:00:00,2025-09-05 23:59:59,62865,SE4,LEGAZPI,PLAZA ELÍPTICA,LEGAZPI         ,PLAZA ELÍPTICA  
872,171,2025-09-06 00:00:00,2025-12-20 23:59:59,62875,SE5,CUATRO CAMINOS,MONCLOA,CUATRO CAMINOS  ,MONCLOA         
873,171,2025-05-01 00:00:00,2025-05-04 23:59:59,62825,SE873,SAN BLAS,CARTAGENA,SAN BLAS        ,CARTAGENA       
874,171,2025-06-01 00:00:00,2025-08-11 23:59:59,62825,SEN,LEGAZPI,MONCLOA,LEGAZPI         ,MONCLOA         
875,171,2025-06-07 00:00:00,2025-06-07 23:59:59,62875,SEF1,CANILLAS,FORMULA 1,CANILLAS        ,FORMULA 1       
876,171,2025-06-07 00:00:00,2025-06-07 23:59:59,62875,SEF2,MAR DE CRISTAL,FORMULA 1,MAR DE CRISTAL  ,FORMULA 1       
877,171,2025-06-07 00:00:00,2025-06-07 23:59:59,62875,SEF3,FORMULA 1,BARAJAS,FORMULA 1       ,BARAJAS         
878,171,2025-07-25 00:00:00,2025-07-29 23:59:59,62875,SE878,BARRIO DE LA CONCEPCION,CANAL,B. CONCEPCION   ,CANAL           
879,171,2025-09-07 00:00:00,2025-12-18 23:59:59,62825,SEN,MONCLOA,LEGAZPI,MONCLOA         ,LEGAZPI         
880,171,2025-10-06 00:00:00,2025-12-19 23:59:59,62875,SE7,CIUDAD UNIVERSITARIA,MONCLOA,C.UNIVERSITARIA ,MONCLOA         
896,171,2025-01-15 00:00:00,2025-02-09 23:59:59,62835,SE03,BATAN,LUCERO,BATAN           ,LUCERO          
897,171,2025-01-15 00:00:00,2025-03-02 23:59:59,62835,SE1,ALUCHE,CUATRO VIENTOS,ALUCHE          ,CUATRO VIENTOS  
898,171,2025-01-15 00:00:00,2025-03-02 23:59:59,62865,SE2,PLAZA ELIPTICA,CUATRO VIENTOS,PLAZA ELIPTICA  ,CUATRO VIENTOS  
899,171,2024-11-11 00:00:00,2024-11-12 23:59:59,62835,SE899,LEGAZPI,LA NAVE,LEGAZPI         ,LA NAVE         
